rank_test_accuracy,mean_test_accuracy,std_test_accuracy,mean_test_auc,mean_test_neg_brier,mean_fit_time,param_rf__n_estimators,param_rf__max_depth,param_rf__min_samples_leaf,param_rf__max_features
1,0.6174405285655526,0.029759533571453188,0.6566364058000324,-0.2322228365826244,3.3696125149726868,1200,4,5,log2
2,0.6166833058255713,0.024279631477820786,0.6568051482211903,-0.23131292619600477,7.663461446762085,1200,4,20,0.4
3,0.6165351153503725,0.026112358641490013,0.6562480831288267,-0.23226423511348104,1.5044109225273132,500,4,1,log2
4,0.6154937469737123,0.026109738828277055,0.654811593181406,-0.23188264847505102,2.916005790233612,800,6,2,sqrt
5,0.6148717960399236,0.03230922515019806,0.6545371767845392,-0.2325704564771487,0.8651361465454102,300,4,10,log2
6,0.6144071144444387,0.027440539387242523,0.655005865223771,-0.2310324320645638,8.731558859348297,800,4,5,0.8
7,0.6143113470820079,0.023082207062878633,0.6441837053009595,-0.23401455189042966,4.699791789054871,300,10,1,0.6
8,0.6134926223661535,0.027729263168367244,0.6560299147107671,-0.2324715901902003,2.501314878463745,800,4,2,sqrt
9,0.6126046835218961,0.023440550155543784,0.654527653006242,-0.23121004882168184,3.0057879090309143,300,4,5,0.8
10,0.6123729609979851,0.028510358417307185,0.6575011658676622,-0.2311068741656851,10.466146886348724,1200,6,1,0.4
11,0.6122855891433718,0.033776833941425416,0.6561574459452255,-0.23233506187112873,0.6313173174858093,200,4,5,sqrt
12,0.6120021268619804,0.02478230498499885,0.650213192618259,-0.232786741381073,32.07457822561264,1200,,2,
13,0.6113820958311422,0.028584436961064396,0.6584286092007319,-0.23076893075015004,11.972448706626892,1200,4,2,0.4
14,0.6112274297510765,0.019201182580826915,0.652751362295662,-0.23201122039363808,2.5473825931549072,200,16,20,0.4
15,0.6106488230669506,0.026865155826824416,0.6550777443452553,-0.23180800272502583,5.187309205532074,1200,6,2,sqrt
15,0.6106488230669506,0.026865155826824416,0.6550777443452553,-0.23180800272502583,4.545427083969116,1200,6,2,log2
17,0.6102863844387636,0.03336916234000349,0.6537913204868289,-0.23208330669338567,1.7711515426635742,300,6,30,log2
17,0.6102863844387636,0.03336916234000349,0.6545103119302973,-0.23244978099835545,0.5862759351730347,200,4,30,sqrt
19,0.6097084611099252,0.029077421089670187,0.6527342210215666,-0.23200118685241553,6.03036230802536,500,6,15,0.8
20,0.609372575715766,0.021964974820605145,0.6557509666081955,-0.23122347985824765,11.161161184310913,1200,4,15,0.6
21,0.6089771082486841,0.026547832979057807,0.6516234706431143,-0.2322990127407331,5.756617844104767,500,12,30,0.8
22,0.6088547876522254,0.0352679608498724,0.6555019787416347,-0.23235289082528712,0.7911413311958313,300,4,20,log2
23,0.608673568338132,0.03801613029605619,0.6533149182430108,-0.23277879587876835,1.2283322215080261,500,4,30,log2
24,0.6086043542097289,0.026637860485969847,0.6470796039786497,-0.23397624710367398,6.89607173204422,300,10,5,
25,0.6077947083569796,0.018600902932055,0.6439544206987767,-0.23372557926777787,20.844185769557953,1200,12,1,0.6
26,0.6076134890428861,0.02391785930475747,0.6470215051220318,-0.23408818328916067,6.6939279437065125,300,12,5,
27,0.6072529703176495,0.02897905774438124,0.6510732872514481,-0.23227684075301552,2.274352014064789,500,10,10,log2
28,0.6072354959467269,0.03443598455851439,0.6539967678425909,-0.23174695364317166,11.276389300823212,1200,6,15,0.6
29,0.6071397285842961,0.024864582526170034,0.6456898114641021,-0.23339023949398482,15.923925936222076,800,10,1,0.6
30,0.6069170849234902,0.0207853619033365,0.6519238463647677,-0.23248816873086342,3.1922330260276794,300,6,30,0.8
31,0.6068213175610593,0.015875717639202896,0.6544443567013141,-0.2316943540764877,5.051695704460144,800,8,30,0.4
32,0.6066750469888111,0.01667528060409688,0.6537291534694192,-0.2321028771366917,17.068832755088806,1200,8,2,0.6
33,0.6066659681257062,0.03383419066915118,0.6519364859663439,-0.2321672832284356,6.419348657131195,500,6,15,
34,0.6063475571024695,0.02081487266170557,0.6524609894394429,-0.23196703108683478,6.341876029968262,800,16,30,0.6
35,0.6062271564089614,0.029008203114154456,0.6517394059200978,-0.23227945245232334,0.9884852766990662,200,,30,log2
36,0.6062012865302212,0.025122405546288498,0.6524345085910103,-0.23237859279354708,2.9025887846946716,200,10,20,
37,0.6061663377883759,0.024697486246978963,0.6529598885325905,-0.2319672896307989,9.655799627304077,800,6,20,0.8
38,0.6060375415870504,0.022523293637053767,0.6526516552398344,-0.23182396487225065,14.693132102489471,1200,12,20,0.8
39,0.606002592845205,0.025777450876742877,0.6540136651429826,-0.2319886823600118,1.385408103466034,200,8,30,0.6
40,0.6058213735311115,0.030720475578367802,0.6555217271302054,-0.2314076315706145,8.624902665615082,800,6,1,0.6
41,0.6056667074510458,0.016897503211403323,0.6527241306270387,-0.232523518022636,17.256055116653442,800,12,10,
42,0.6055968099673552,0.02588855099666482,0.647867111266551,-0.2330844595098738,19.01140421628952,1200,16,5,0.4
43,0.6055793355964325,0.029239895710069956,0.6522199771751268,-0.2320074508042285,13.345666885375977,800,6,15,0.8
44,0.6049593045655943,0.029942627260747992,0.6554431833828587,-0.23142628594037146,0.7967622876167297,200,6,5,sqrt
45,0.604734741001838,0.024471656846683995,0.6442852553125541,-0.2335430732271205,0.8472339510917664,200,8,1,log2
46,0.6046408935423576,0.02066451631857137,0.6542199913685343,-0.23173034026870235,15.346690058708191,1200,12,30,
47,0.6045379672197723,0.030856576565784766,0.6509984516409388,-0.2321254388317689,4.344253063201904,1200,10,15,sqrt
48,0.6045204928488497,0.029604819104164893,0.6521103562551394,-0.2322997043542671,0.8615521192550659,300,12,30,log2
49,0.6041237888341047,0.01815799419687486,0.6523123305763932,-0.2321582834943905,3.2793756127357483,300,12,20,0.4
50,0.6041147099709997,0.03040232644711174,0.6510151889110367,-0.23279725378974003,3.9942315220832825,300,10,20,
51,0.6039600438909338,0.0233294883023829,0.6523952486093392,-0.2323543946449713,3.5481106638908386,200,12,20,
52,0.6037613502059177,0.02271305858355445,0.651771205534087,-0.23203821615280917,10.87160313129425,800,,20,0.8
53,0.6036150796336694,0.024005433155080913,0.6514667331693844,-0.2323477792014486,16.066152334213257,1200,10,10,0.6
53,0.6036150796336694,0.023122363600847812,0.6546187360974248,-0.2318168207292357,3.734040379524231,300,10,30,
55,0.603554261013084,0.016059219957631838,0.6491944173694902,-0.23244412690120247,0.7586485743522644,200,12,15,log2
56,0.6034163859486533,0.03210438188502791,0.6492869253683597,-0.2327197672048034,11.326447546482086,800,16,15,0.8
57,0.6031413191750795,0.02667586289086431,0.6515783652680616,-0.23214581334328505,4.725400507450104,800,10,20,log2
58,0.6029775742319087,0.028712163363315044,0.6515891357739991,-0.2321518139742832,2.663961410522461,800,12,20,log2
59,0.6028487780305831,0.029018766670741294,0.6511416031049764,-0.23219212189836555,8.008872330188751,1200,,20,sqrt
60,0.602554316983136,0.028196696861436544,0.6528561168274913,-0.23205269121908148,11.847385823726654,1200,8,1,0.4
61,0.6023821765321477,0.019292946542688174,0.6527026863498049,-0.23249939713490658,15.460171699523926,800,10,10,
62,0.6023472277903024,0.02522213235850625,0.6488941392902765,-0.23315305377004647,8.487301588058472,500,8,2,0.8
63,0.6022359059598994,0.020594927190389082,0.652926718183979,-0.23225562049080403,20.680680632591248,1200,12,10,
63,0.6022359059598994,0.01909706767733702,0.6415609609210777,-0.234495305655927,0.9912368059158325,200,12,2,sqrt
65,0.6022184315889767,0.023463330492892547,0.650593431740023,-0.2325916706527917,12.019691526889801,800,,10,0.6
66,0.6022009572180541,0.029844538052257973,0.6531826836704112,-0.23184426752199214,17.186932384967804,1200,6,15,
67,0.6020721610167284,0.02111376991924915,0.6452356220146924,-0.23318508164455795,0.9600555896759033,200,8,2,log2
68,0.6020546866458059,0.02441195654195647,0.6527656296081074,-0.23209074773518823,14.063686907291412,800,,20,
69,0.6009855284874549,0.017004691915335997,0.6523637365770059,-0.23286903517844348,11.28633975982666,500,,10,
70,0.6009680541165322,0.01838382917524332,0.6428796247279793,-0.23366230052191847,2.3420984148979187,500,16,5,log2
71,0.6004160006664341,0.018489437187395326,0.6457126855431755,-0.23308289258889683,5.751043736934662,1200,,5,log2
72,0.6003829718275393,0.020117412788630967,0.6460558268596177,-0.23337463408745648,1.6583479046821594,300,10,2,log2
73,0.6003564185935116,0.03281110683124637,0.6529366884616299,-0.23217899942078035,1.9576604962348938,500,,30,log2
74,0.5998483927483638,0.020284362092101407,0.6479395011097647,-0.23292509524037605,2.486059069633484,300,10,10,0.4
75,0.5995888804427622,0.017350484358741126,0.643702294884211,-0.2337333001549159,2.6112555861473083,300,12,5,log2
76,0.5982181022768096,0.022941010610239697,0.6450649450924235,-0.2334886382511312,6.534087419509888,1200,12,2,log2
77,0.5980194085917936,0.028002402112756633,0.6450877652830759,-0.23410153150943475,5.641249716281891,300,,2,0.4
78,0.5975197782544632,0.024862126982868715,0.6500124479730738,-0.23255033963331398,5.430288732051849,500,8,10,0.6
79,0.5970809665377186,0.023572977925454843,0.647630145190915,-0.23321725116009695,3.7867228388786316,500,10,2,log2
80,0.5970460177958734,0.025217114304145305,0.6500677548119869,-0.23264964220132922,1.3939956426620483,300,,10,log2
